Workbook

Sheet Sheet1
A1: Segment ID | B1: AADT_obs | C1: AADT_yr | D1: AADT_project | E1: f_growth_to_prpobe_year | F1: AADT_probe_yr | G1: SampleSize_avg | H1: ProbeYear | I1: Scale | J1: Pearson's r | K1: WeighedScale | L1: Scaling_to_2025 | M1: AADT_2025
A2: maharashtra_2225 | B2: 20458 | C2: 2012 | D2: 2025 | E2: =PRODUCT(Sheet2!$F$59:$F$71) -> 2.1670651 | F2: =ROUND(B2*E2,0) -> 44334 | G2: 35721 | H2: 2025 | I2: =F2/G2 -> 1.2411187 | J2: =CORREL(F2:F5,G2:G5) -> 0.94817189 | K2: =SUM($F$2:$F$5)/SUM($G$2:$G$5) -> 1.0953285 | L2: 1 | M2: =ROUND(G2*K2*L2, 0) -> 39126
A3: maharashtra_2712 | B3: 20458 | C3: 2012 | D3: 2025 | E3: =PRODUCT(Sheet2!$F$59:$F$71) -> 2.1670651 | F3: =ROUND(B3*E3,0) -> 44334 | G3: 36179.5 | H3: 2025 | I3: =F3/G3 -> 1.2253901 | K3: =SUM($F$2:$F$5)/SUM($G$2:$G$5) -> 1.0953285 | L3: 1 | M3: =ROUND(G3*K3*L3, 0) -> 39628
A4: maharashtra_3242 | B4: 6046 | C4: 2012 | D4: 2025 | E4: =PRODUCT(Sheet2!$F$59:$F$71) -> 2.1670651 | F4: =ROUND(B4*E4,0) -> 13102 | G4: 21229.125 | H4: 2025 | I4: =F4/G4 -> 0.61717099 | K4: =SUM($F$2:$F$5)/SUM($G$2:$G$5) -> 1.0953285 | L4: 1 | M4: =ROUND(G4*K4*L4, 0) -> 23253
A5: maharashtra_3633 | B5: 8286 | C5: 2012 | D5: 2025 | E5: =PRODUCT(Sheet2!$F$59:$F$71) -> 2.1670651 | F5: =ROUND(B5*E5,0) -> 17956 | G5: 16176.4 | H5: 2025 | I5: =F5/G5 -> 1.1100121 | K5: =SUM($F$2:$F$5)/SUM($G$2:$G$5) -> 1.0953285 | L5: 1 | M5: =ROUND(G5*K5*L5, 0) -> 17718
A6: thailand_37883 | B6: 747 | C6: 2023 | D6: 2024 | E6: =PRODUCT(Sheet2!$G$70) -> 1.029486 | F6: =ROUND(B6*E6,0) -> 769 | G6: 7920 | H6: 2024 | I6: =F6/G6 -> 0.09709596 | J6: =CORREL(F6:F8,G6:G8) -> 0.99992594 | K6: =SUM($F$6:$F$8)/SUM($G$6:$G$8) -> 0.045002454 | L6: =PRODUCT(Sheet2!$G$71) -> 1.0244247 | M6: =ROUND(G6*K6*L6, 0) -> 365
A7: thailand_50099 | B7: 16228 | C7: 2023 | D7: 2024 | E7: =PRODUCT(Sheet2!$G$70) -> 1.029486 | F7: =ROUND(B7*E7,0) -> 16706 | G7: 391875 | H7: 2024 | I7: =F7/G7 -> 0.042630941 | K7: =SUM($F$6:$F$8)/SUM($G$6:$G$8) -> 0.045002454 | L7: =PRODUCT(Sheet2!$G$71) -> 1.0244247 | M7: =ROUND(G7*K7*L7, 0) -> 18066
A8: thailand_53097 | B8: 2133 | C8: 2023 | D8: 2024 | E8: =PRODUCT(Sheet2!$G$70) -> 1.029486 | F8: =ROUND(B8*E8,0) -> 2196 | G8: 37314.5 | H8: 2024 | I8: =F8/G8 -> 0.058851117 | K8: =SUM($F$6:$F$8)/SUM($G$6:$G$8) -> 0.045002454 | L8: =PRODUCT(Sheet2!$G$71) -> 1.0244247 | M8: =ROUND(G8*K8*L8, 0) -> 1720

Sheet Sheet2
A1: https://data.worldbank.org/indicator/NY.GDP.MKTP.KD.ZG
B2: Country Name | C2: India | D2: Thailand | E2: → | F2: India | G2: Thailand
B3: Country Code | C3: IND | D3: THA | E3: → | F3: IND | G3: THA
B4: Indicator Name | C4: GDP growth (annual %) | D4: GDP growth (annual %) | E4: → | F4: GDP growth factor | G4: GDP growth factor
B5: Indicator Code | C5: NY.GDP.MKTP.KD.ZG | D5: NY.GDP.MKTP.KD.ZG | E5: → | F5: NY.GDP.MKTP.KD.ZG | G5: NY.GDP.MKTP.KD.ZG
B6: 1960 | E6: →
B7: 1961 | C7: 3.7227425 | D7: 5.3621463 | E7: → | F7: =C7/100+1 -> 1.0372274 | G7: =D7/100+1 -> 1.0536215
B8: 1962 | C8: 2.9311277 | D8: 7.5542544 | E8: → | F8: =C8/100+1 -> 1.0293113 | G8: =D8/100+1 -> 1.0755425
B9: 1963 | C9: 5.9943533 | D9: 7.9998308 | E9: → | F9: =C9/100+1 -> 1.0599435 | G9: =D9/100+1 -> 1.0799983
B10: 1964 | C10: 7.4529501 | D10: 6.8309961 | E10: → | F10: =C10/100+1 -> 1.0745295 | G10: =D10/100+1 -> 1.06831
B11: 1965 | C11: -2.6357701 | D11: 8.1816615 | E11: → | F11: =C11/100+1 -> 0.9736423 | G11: =D11/100+1 -> 1.0818166
B12: 1966 | C12: -0.05532877 | D12: 11.122518 | E12: → | F12: =C12/100+1 -> 0.99944671 | G12: =D12/100+1 -> 1.1112252
B13: 1967 | C13: 7.825963 | D13: 8.6159823 | E13: → | F13: =C13/100+1 -> 1.0782596 | G13: =D13/100+1 -> 1.0861598
B14: 1968 | C14: 3.3879292 | D14: 8.1222703 | E14: → | F14: =C14/100+1 -> 1.0338793 | G14: =D14/100+1 -> 1.0812227
B15: 1969 | C15: 6.5397003 | D15: 6.5506599 | E15: → | F15: =C15/100+1 -> 1.065397 | G15: =D15/100+1 -> 1.0655066
B16: 1970 | C16: 5.1572297 | D16: 11.407949 | E16: → | F16: =C16/100+1 -> 1.0515723 | G16: =D16/100+1 -> 1.1140795
B17: 1971 | C17: 1.6429304 | D17: 4.8953738 | E17: → | F17: =C17/100+1 -> 1.0164293 | G17: =D17/100+1 -> 1.0489537
B18: 1972 | C18: -0.55330131 | D18: 4.278508 | E18: → | F18: =C18/100+1 -> 0.99446699 | G18: =D18/100+1 -> 1.0427851
... B71: 2025 | C71: 7.5666618 | D71: 2.4424744 | E71: → | F71: =C71/100+1 -> 1.0756666 | G71: =D71/100+1 -> 1.0244247
